"Name","Marke","Kollektion","Zielgruppe","Oberkategorie","Typ","Stoffart","Größe","Format","Status","Link","Bild","Modelskizze","Notizen"
"Kuschel-Hausschuhe","pattydoo","","Unisex","Sonstiges","Sonstiges","Sonstiges","29–46 (Schuhgröße)","PDF","Vorhanden","https://www.pattydoo.de/schnittmuster-hausschuhe","https://enibas-gh.github.io/Schnittmuster/bilder/schnittmuster-16292.jpg","","Freebie; Plüsch/Teddy/Fleece empfohlen; Ledersohle möglich; Video: www.patty.do/diy-hausschuhe"
"Ripp-Top Jazz","pattydoo","","Damen","Oberteil","Top","Jersey","32–54","PDF","Vorhanden","https://www.pattydoo.de/schnittmuster-ripp-top-crop","https://www.pattydoo.de/sites/default/files/styles/product_teaser/public/media-images/2023-07/schnittmuster-crop-top-bauchfrei-rippjersey-naehen.jpg.webp","","Varianten: Normale Länge, Crop-Top"
"Shirt Liv","pattydoo","","Damen","Oberteil","Shirt","Jersey","32–54","PDF","Vorhanden","https://www.pattydoo.de/schnittmuster-shirt-liv","https://enibas-gh.github.io/Schnittmuster/bilder/schnittmuster-26852.jpg","","Varianten Ausschnitt: rund, U-Boot, V-Ausschnitt, Rollkragen; Varianten Ärmel: kurz, halb, ¾, lang, Puffärmel, Faltenärmel (gratis-Download); Saum: Einschlag 2 cm oder Saumbund 5/10 cm Höhe; BW- oder Viskosejersey, leichter Sommersweat; NZ 0,7 cm; Video: www.patty.do/video-liv + www.patty.do/shirt-liv-saumbund"
"Jogginghose Alex","pattydoo","","Herren","Unterteil","Hose","Jersey","S–XXXL (Konf. 44–66)","PDF","Vorhanden","https://www.pattydoo.de/schnittmuster-jogginghose-herren-alex","https://www.pattydoo.de/sites/default/files/styles/product_teaser/public/media-images/2020-07/schnittmuster_maenner_jogginghose_naehen.jpg.webp","","Eingriffstaschen mit Reißverschlüssen; elastischer Hosenbund mit 2 Gummibändern + Kordel; Beinbündchen; Varianten: Eingriffstasche ohne RV, Nahttasche; Video: www.patty.do/jogginghose-alex"
"Raglan-Sweatshirt Amy","pattydoo","","Damen","Oberteil","Sweatshirt","Jersey","","PDF","Vorhanden","https://www.pattydoo.de/schnittmuster-sweatshirt-amy","https://www.pattydoo.de/sites/default/files/styles/product_teaser/public/media-images/2020-01/schnittmuster-pullover-raglanaermel-naehen.jpg.webp","",""
"Lunchbag (2 Größen)","pattydoo","","Unisex","Taschen","Sonstiges","Webware","Normal 29×16×12 cm / Groß 32×18×14 cm","PDF","Vorhanden","https://www.pattydoo.de/schnittmuster-lunchbag","https://enibas-gh.github.io/Schnittmuster/bilder/schnittmuster-5164.jpg","","Auch als Schwimmtasche; beschichteter Stoff empfohlen; Video: www.patty.do/lunchbag-video"
"Taschenorganizer","pattydoo","","Unisex","Taschen","Sonstiges","Sonstiges","23×19×10 cm (B×H×T)","PDF","Vorhanden","https://www.pattydoo.de/schnittmuster-taschenorganizer","https://enibas-gh.github.io/Schnittmuster/bilder/schnittmuster-17424.jpg","","Freebie; aus Filz; Varianten: komplett aus Filz oder mit Gurtband-Griffen (2×40 cm Gurtband 3 cm breit); Anleitung: www.patty.do/organizer"
"Taschenorganizer Untertasche","pattydoo","","Unisex","Taschen","Sonstiges","Webware","","PDF","Vorhanden","https://www.pattydoo.de/schnittmuster-taschenorganizer","","",""
"Damenrock Tessa","pattydoo","","Damen","Unterteil","Rock","Stretch-Webware","32–54","PDF","Vorhanden","https://www.pattydoo.de/schnittmuster-damenrock-tessa","https://enibas-gh.github.io/Schnittmuster/bilder/schnittmuster-36559.jpg","","Varianten: Minirock + Bleistiftrock mit Schlitz; geformter Bund, Abnäher, Teilungsnaht, schräge Eingriffstaschen, sichtbarer Metall-RV hinten; Stretch Velours/Denim/Twill/Feincord mit Elasthan; NZ 1 cm, Saum 2,5 cm; Video: www.patty.do/video-tessa"
"Kosmetiktasche Lotta","pattydoo","","Damen","Taschen","Kosmetiktasche","Webware","20×10 cm bzw. 20×14 cm","PDF","Vorhanden","https://www.pattydoo.de/schnittmuster-kosmetiktasche-lotta","https://enibas-gh.github.io/Schnittmuster/bilder/schnittmuster-20168.jpg","","Freebie; 2 Größen; 3–4 Innenfächer; Canvas/Kunstleder/Oilskin empfohlen; Video: www.patty.do/video-lotta"
"Bügelei & Saumrolle","pattydoo","","Unisex","Sonstiges","Sonstiges","Sonstiges","","PDF","Vorhanden","https://www.pattydoo.de/schnittmuster","https://enibas-gh.github.io/Schnittmuster/bilder/schnittmuster-17898.jpg","","Schnittmuster für Nähzubehör: Bügelei-Form und Saumrolle"
"Handtuch-Turban","pattydoo","","Damen","Accessoires","Sonstiges","Jersey","","PDF","Vorhanden","https://www.pattydoo.de/schnittmuster-handtuch-turban","https://enibas-gh.github.io/Schnittmuster/bilder/schnittmuster-37496.jpg","",""
"Tablet-Tasche","pattydoo","","Unisex","Taschen","Sonstiges","Webware","","PDF","Vorhanden","https://www.pattydoo.de/schnittmuster-tablet-tasche","https://enibas-gh.github.io/Schnittmuster/bilder/schnittmuster-12408.jpg","",""
"Sternuntersetzer","pattydoo","","Unisex","Sonstiges","Deko","Webware","","PDF","Vorhanden","https://www.pattydoo.de/schnittmuster-kostenlos","https://enibas-gh.github.io/Schnittmuster/bilder/schnittmuster-13658.jpg","","Freebie"
"Schlüsselanhänger Herz-Täschchen","pattydoo","","Unisex","Accessoires","Sonstiges","Leder","","PDF","Vorhanden","https://www.pattydoo.de/schnittmuster-kostenlos","https://enibas-gh.github.io/Schnittmuster/bilder/schnittmuster-14703.jpg","","Freebie; aus Kunstleder; Varianten: Reißverschluss oder Druckknopf; als Schlüsselanhänger; Anleitung: www.patty.do/herztasche"
"Beanie Mütze","pattydoo","","Unisex","Accessoires","Mütze","Jersey","Kopfumfang 46–64 cm","PDF","Vorhanden","https://www.pattydoo.de/schnittmuster-beanie-muetze","https://enibas-gh.github.io/Schnittmuster/bilder/schnittmuster-5154.jpg","","Kinder & Erwachsene; auch wendbar aus 2 Stoffen; Jersey/Viskose/Sommersweat; Video: www.patty.do/beanie"
"Jerseysocken Fancy Socks","pattydoo","","Unisex","Accessoires","Sonstiges","Jersey","Schuhgröße 18–50","PDF","Vorhanden","https://www.pattydoo.de/schnittmuster-socken","https://enibas-gh.github.io/Schnittmuster/bilder/schnittmuster-15660.jpg","","Freebie; Varianten: Strümpfe/Kniestrümpfe/Sneakersocken; opt. Zehen- und Ferseneinsätze; Baumwolljersey mind. 5% Elasthan; Overlockmaschine ideal; Video: www.patty.do/video-socken"
"Babyset Pippa","pattydoo","","Baby","Sonstiges","Sonstiges","Jersey","50–92","PDF","Vorhanden","https://www.pattydoo.de/schnittmuster-babyset-pippa","https://enibas-gh.github.io/Schnittmuster/bilder/schnittmuster-20551.jpg","","Enthält Wickeljacke (komplett gefüttert, ohne Seitennaht) + Pumphose (hohe Bauch-/Beinbündchen zum Krempeln); Varianten: Jersey-Druckknöpfe oder Wendejacke mit Knöpfen; Ärmelaufschlag 4 cm zum Mitwachsen; Video: www.patty.do/babyhose-video + www.patty.do/babyjacke-video"
"Fledermausshirt & Bluse Josie","pattydoo","","Damen","Oberteil","Bluse","Jersey","32–54","PDF","Vorhanden","https://www.pattydoo.de/schnittmuster-fledermausshirt-bluse-josie","https://enibas-gh.github.io/Schnittmuster/bilder/schnittmuster-21492.jpg","","Schnitt A (Shirt, dehnbar): U-Boot- oder Rundhals, opt. Dekostreifen/Spitzeneinsatz an Ärmeln; Schnitt B (Bluse, gewebt): U-Boot-Ausschnitt mit Bündchen; Stoff A: Sommersweat/French Terry/Modalsweat + Bündchen 1×1; Stoff B: fließende Webware PES/Viskose + Fertigbündchen; NZ 0,7 cm; Video: www.patty.do/video-josie"
"Herrenhemd James","pattydoo","","Herren","Oberteil","Shirt","Webware","XS–XXXL (Konf. 40–66)","PDF","Vorhanden","https://www.pattydoo.de/schnittmuster-herrenhemd-james","https://enibas-gh.github.io/Schnittmuster/bilder/schnittmuster-36547.jpg","","Hemdkragen mit Steg; doppelte Rückenpasse; Brusttasche; Varianten: lange Ärmel mit Manschetten / kurze Ärmel mit Aufschlägen; opt. Krempelriegel; 4 Videos: www.patty.do/hemden-videos"
"Kinderhalstuch","pattydoo","","Kinder","Accessoires","Sonstiges","Jersey","Einheitsgröße (38–52 cm Kopfumfang)","PDF","Vorhanden","https://www.pattydoo.de/schnittmuster-kostenlos","https://enibas-gh.github.io/Schnittmuster/bilder/schnittmuster-11856.jpg","","Freebie; Wendehalstuch aus 2 Jerseystoffen mit Klettband-Verschluss; Anleitung: www.patty.do/kinder-halstuch"
"Kinder-Wendemütze","pattydoo","","Baby","Accessoires","Mütze","Jersey","KL 38–41 cm / M 42–45 cm / GR 46–52 cm Kopfumfang","PDF","Vorhanden","https://www.pattydoo.de/schnittmuster-wendemuetze","https://enibas-gh.github.io/Schnittmuster/bilder/schnittmuster-25733.jpg","","Freebie; 3 Größen für Babys & Kleinkinder; wendbar aus 2 Jerseystoffen (je 20×50 cm) + Bündchen (15×50 cm); NZ 0,7 cm; Video: www.patty.do/kinder-halstuch"
"Ofenhandschuhe","pattydoo","","Unisex","Sonstiges","Sonstiges","Webware","","PDF","Vorhanden","https://www.pattydoo.de/schnittmuster-kostenlos","https://enibas-gh.github.io/Schnittmuster/bilder/schnittmuster-19698.jpg","","Freebie"
"Colourblock-Pullover Zoey","pattydoo","","Damen","Oberteil","Sweatshirt","Jersey","32–54","PDF","Vorhanden","https://www.pattydoo.de/schnittmuster-colourblock-pullover-zoey","https://www.pattydoo.de/sites/default/files/styles/product_teaser/public/media-images/2020-09/papierschnittmuster-zoey-colourblock-pullover-selber-naehen.jpg.webp","","Varianten: 3 Teilungen, 2 Teilungen mit Kapuze, ohne Teilung (Basic-Pulli), Sweatkleid, opt. Taschen in Teilungsnähten; Sommersweat/French Terry/Modalsweat; NZ 0,7 cm; Video: www.patty.do/video-zoey"
"T-Shirt Ava","pattydoo","","Damen","Oberteil","Shirt","Jersey","32–54","PDF","Vorhanden","https://www.pattydoo.de/schnittmuster-damenshirt-ava","https://www.pattydoo.de/sites/default/files/styles/product_teaser/public/media-images/2023-03/papierschnittmuster-ava-damenshirt-selber-naehen.jpg.webp","","Locker-weit (regular); Varianten: Rund- oder V-Ausschnitt, opt. Brusttasche, Ärmel mit Aufschlag oder Saumeinschlag, runder oder gerader Saum; BW-/Viskosejersey, leichter Strick oder Slubjersey; NZ 0,7 cm, Saum 2 cm; Video: www.patty.do/video-ava"
"Damenshorts Summer","pattydoo","","Damen","Unterteil","Shorts","Webware","32–54","PDF","Vorhanden","https://www.pattydoo.de/schnittmuster-damenshorts-summer","https://enibas-gh.github.io/Schnittmuster/bilder/schnittmuster-9622.jpg","","2 Längen; zweigeteilter Bund (vorn glatt, seitl./hinten Gummiband); Eingriffstaschen (opt. Schrägband), 2 Gesäßtaschen; Saumaufschlag oder Saumeinschlag; leichte Webware BW/Leinen, Chambray/Musselin/Batist; NZ 1 cm, Saum 2×2,5 cm; Video: www.patty.do/shorts"
"Schultertasche Adora","pattydoo","","Damen","Taschen","Shopper","Leder","Eckig 16×22×6 cm / Rund 22×22×6 cm (H×B×T)","PDF","Vorhanden","https://www.pattydoo.de/schnittmuster-schultertasche-adora","https://enibas-gh.github.io/Schnittmuster/bilder/schnittmuster-14020.jpg","","Varianten: eckig und rund; Schaumstoff-Verstärkung (Style-Vil/Soft&Stable); dekorative Steppung; Schultergurt mit Karabinern; opt. Quaste + Label; Video: www.patty.do/video-adora"
"Damentop Livia","pattydoo","","Damen","Oberteil","Top","Jersey","32–54","PDF","Vorhanden","https://www.pattydoo.de/schnittmuster-damentop-livia","https://enibas-gh.github.io/Schnittmuster/bilder/schnittmuster-25460.jpg","","Körpernah; Ausschnitt-Abschluss: Bündchen, Jerseystreifen-Einfassung oder Falzgummi; ausschließlich BW- oder Viskosejersey, ideal mit 5% Elasthan; NZ 0,7 cm, Saum 2 cm; passend zu Panty Eve"
"Oversize-Pullover Megan","pattydoo","","Damen","Oberteil","Sweatshirt","Strick","32–54","PDF","Vorhanden","https://www.pattydoo.de/schnittmuster-oversize-pullover-megan","https://enibas-gh.github.io/Schnittmuster/bilder/schnittmuster-10279.jpg","","Varianten: Rundhals mit Ärmelvolants (V1) oder Kapuze mit Stufensaum/schrägen Seitennähten (V2); überschnittene Schultern, weite Ärmel; Strick-/Viskosejersey (geschmeidig) oder Sweat/Interlock/Romanit (sportlich); NZ 0,7 cm, Saum 2 cm (Stufensaum Rücken 6 cm); Video: www.patty.do/oversize-pulli"
"T-Shirt Max","pattydoo","","Herren","Oberteil","Shirt","Jersey","S–XXXL","PDF","Vorhanden","https://www.pattydoo.de/schnittmuster-t-shirt-max","https://enibas-gh.github.io/Schnittmuster/bilder/schnittmuster-39686.jpg","","3 Ausschnitte (rund, V, Polo), 2 Ärmellängen, opt. Schulterpasse + Brusttasche; Video: www.patty.do/shirt-max"
"Kosmetiktasche Vicky","pattydoo","","Damen","Taschen","Kosmetiktasche","Webware","Klein 22×11×8 cm / Groß 28×14×11 cm","PDF","Vorhanden","https://www.pattydoo.de/schnittmuster-kosmetiktasche-vicky","https://enibas-gh.github.io/Schnittmuster/bilder/schnittmuster-42101.jpg","","Freebie; 2 Größen + Vinyl-Variante (einlagig, ohne Futter); Video: www.patty.do/kosmetiktasche-vicky"
"Shopper Mia","pattydoo","","Damen","Taschen","Shopper","Webware","38×28×10 cm (H×B×T)","PDF","Vorhanden","https://www.pattydoo.de/schnittmuster-shopper-mia","https://enibas-gh.github.io/Schnittmuster/bilder/schnittmuster-5426.jpg","","Schräges Außenfach mit RV; Verschluss: RV (teilbar, 40 cm) oder Magnetknopf; Träger: Gurtband/Lederriemen/Kordeln; passt DIN A4-Ordner; opt. RV-Innenfach; Video: www.patty.do/video-mia"
"Shopper Wendy","pattydoo","","Unisex","Taschen","Shopper","Webware","42×45 cm","PDF","Vorhanden","https://www.pattydoo.de/schnittmuster-stoffbeutel-wendy","https://enibas-gh.github.io/Schnittmuster/bilder/schnittmuster-14228.jpg","","Freebie; Wendetasche mit 2 Seiten; opt. Außenfach + Innentasche; Canvas/Jeans/Cord; Video: www.patty.do/tasche-wendy"
"Kleid Marie","pattydoo","","Damen","Kleid","Kleid","Jersey","32–48","PDF","Vorhanden","https://www.pattydoo.de/schnittmuster-damenkleid-marie","https://enibas-gh.github.io/Schnittmuster/bilder/schnittmuster-15630.jpg","","Ärmellos; 3 Stoffteile mit Teilungsnähten; tailliert; ausgestellter Rock mit Falten + geschwungenem Saum; umgeschlagene Ausschnitte; Strukturjersey/Stretch-Jacquard/Scuba oder BW-Jersey 5% Elasthan; NZ 0,7 cm, Hals/Arm 1,5 cm, Rock-Saum 2 cm; Video: www.patty.do/video-sommerkleid"
"Tanktop Kate","pattydoo","","Damen","Oberteil","Top","Jersey","32–48","PDF","Vorhanden","https://www.pattydoo.de/schnittmuster-tanktop-kate","https://enibas-gh.github.io/Schnittmuster/bilder/schnittmuster-12186.jpg","","Racerback-Rückenteil; Passen + Seitenteile für Stoff-Kombinationen; gerundeter Saum; ausschließlich elastische Stoffe, ideal BW-Jersey mind. 5% Elasthan; NZ 0,7 cm, Saum 2 cm; Video: www.patty.do/video-kate"
"Shorts Flora","pattydoo","","Damen","Unterteil","Shorts","Webware","36–40","PDF","Vorhanden","https://www.pattydoo.de/schnittmuster-shorts-flora","https://enibas-gh.github.io/Schnittmuster/bilder/schnittmuster-10149.jpg","","Freebie; Bogenkante am Saum; leichte, fließende Sommerstoffe (BW, Viskose, Leinen); NZ 1 cm; Video: www.patty.do/shorts-flora"
"Softshelljacke Susan","pattydoo","","Damen","Oberteil","Jacke","Jacken-/Mantelstoffe","32–54","PDF","Vorhanden","https://www.pattydoo.de/schnittmuster-damen-softshelljacke-susan","https://enibas-gh.github.io/Schnittmuster/bilder/schnittmuster-26361.jpg","","Varianten: Jacke + Mantel; Stehkragen, abknöpfbare Kapuze, Nahttaschen, geformte Teilungsnähte, gerundeter Saum, zweiteilige Ärmel; ausschließlich Softshell; NZ 1 cm, Ärmelzugabe 2,5 cm; Video: www.patty.do/softshell-jacke-video"
"Wasserfallshirt Scarlett","pattydoo","","Damen","Oberteil","Shirt","Jersey","32–54","PDF","Vorhanden","https://www.pattydoo.de/schnittmuster-wasserfall-shirt-scarlett","https://enibas-gh.github.io/Schnittmuster/bilder/schnittmuster-23807.jpg","","4 Ärmellängen; weich fallender Viskosejersey/Polyester/Modal empfohlen; kein Baumwolljersey; NZ 0,7 cm inkl.; Saum 2 cm; Video: www.patty.do/shirt-scarlett + www.patty.do/video-liv (Ärmel)"
"Rollmäppchen Daisy","pattydoo","","Unisex","Sonstiges","Sonstiges","Webware","44×18 cm (B×H, offen)","PDF","Vorhanden","https://www.pattydoo.de/schnittmuster-rollmaeppchen-daisy","https://enibas-gh.github.io/Schnittmuster/bilder/schnittmuster-9280.jpg","","Freebie; Stiftefach mit Unterteilungen + verschließbares Innenfach mit Druckknopf; Variante mit Kunstleder/Korkstoff möglich; Video: www.patty.do/maeppchen"
"Sweatkleid Ronja","pattydoo","","Damen","Kleid","Kleid","Strick","32–54","PDF","Vorhanden","https://www.pattydoo.de/schnittmuster-kapuzen-sweatkleid-ronja","https://www.pattydoo.de/sites/default/files/styles/product_teaser/public/media-images/2020-07/hoodie_kleid_schnittmuster_sweatstoff.jpg.webp","","Varianten: Hoodie mit Leistentaschen oder Rundhals mit Seitenteilen; dehnbarer Sweat/Stricksweat (auch für Bündchen); NZ 0,7 cm (Leistentaschen 1 cm); Video: www.patty.do/hoodie-kleid-video"
"Kosmetiktasche Geo-Bag","pattydoo","","Damen","Taschen","Kosmetiktasche","Leder","Supermini 6×10×5 cm / Mini 8×13×6 cm / Klein 10×18×7 cm / Groß 14×24×11 cm","PDF","Vorhanden","https://www.pattydoo.de/schnittmuster-geo-bag","https://enibas-gh.github.io/Schnittmuster/bilder/schnittmuster-19095.jpg","","Freebie; 4 Größen (inkl. Mini + Supermini); 1 Schnittteil mit besonderer Faltform; Volumenvlies; Endlos-RV mit 2 Schiebern; opt. Quastenanhänger; Video: www.patty.do/geo-bag"
"Trägertop Maya","pattydoo","","Damen","Oberteil","Top","Jersey","","PDF","Vorhanden","https://www.pattydoo.de/schnittmuster-top-maya","https://enibas-gh.github.io/Schnittmuster/bilder/top-maya.jpg","https://enibas-gh.github.io/Schnittmuster/modelskizzen/top-maya_skizze.jpg",""
"Wendetasche Milly","pattydoo","","Unisex","Taschen","Shopper","Webware","Groß ca. 55×44×12 cm / Kind ca. 40×32×8 cm","PDF","Vorhanden","https://www.pattydoo.de/schnittmuster-wendetasche-milly","https://enibas-gh.github.io/Schnittmuster/bilder/schnittmuster-5163.jpg","","2 Größen; wendbar mit Kellerfalten; Video: www.patty.do/wendetasche-milly"
"Panty Eve","pattydoo","","Damen","Lingerie","Slip","Jersey","32–48","PDF","Vorhanden","https://www.pattydoo.de/schnittmuster-panty-eve","https://enibas-gh.github.io/Schnittmuster/bilder/schnittmuster-10146.jpg","","Freebie; Damenunterhose mit kurzen Beinen; elastischer BW- oder Viskosejersey ca. 140×30 cm; Gummiband 0,7 cm; opt. Satinschleifen/Knöpfe; NZ 0,7 cm, Hosenbeine 1 cm; passend zu Top Livia; Video: www.patty.do/panty-eve"
"Bikini Victoria","pattydoo","","Damen","Lingerie","Bikini","Jersey","32–48","PDF","Vorhanden","https://www.pattydoo.de/schnittmuster-bikini-victoria","https://enibas-gh.github.io/Schnittmuster/bilder/schnittmuster-30048.jpg","","Varianten Oberteil: Triangel-Bikini (opt. mit Blende), Tankini (glatt oder mit Raffung → Umstandstankini); Varianten Unterteil: Slip + Panty; NZ 0,7 cm, Beinausschnitte 1 cm, Tankini-Saum 2 cm; Video: www.patty.do/victoria-video"
"Leggings Lillian","pattydoo","","Damen","Unterteil","Leggings","Jersey","32–54","PDF","Vorhanden","https://www.pattydoo.de/schnittmuster-leggings-lillian","https://enibas-gh.github.io/Schnittmuster/bilder/schnittmuster-23847.jpg","","2 Längen (lang + ¾); 4 Saumabschlüsse: Bündchen, Raffung mit Bändchen, Schleifen, Tropfenverschluss; elastische Stoffe mit Elasthan-Anteil; ideal: 95% BW/Viskose + 5% Elasthan oder 81% PES + 19% Elasthan; NZ 0,7 cm; Hosenbund 2,5 cm; Video: www.patty.do/video-leggings"
"Geldbörse SnapPap","pattydoo","","Unisex","Accessoires","Sonstiges","Sonstiges","10×12 cm","PDF","Vorhanden","https://www.pattydoo.de/schnittmuster-geldborse-snappap","https://enibas-gh.github.io/Schnittmuster/bilder/schnittmuster-5155.jpg","","SnapPap (Papier/veganes Leder); vernähbar, bedruckbar, waschbar; Variante mit Stoff möglich; 26 cm Gummiband + 1 Kam Snap; Video: www.patty.do/snappap"
"Tasche Bonnie & Betty","pattydoo","","Unisex","Taschen","Shopper","Webware","","PDF","Vorhanden","https://www.pattydoo.de/schnittmuster-tasche-bonne-betty","https://enibas-gh.github.io/Schnittmuster/bilder/schnittmuster-5263.jpg","","2 Größen: Messenger Bag 36×30×10 cm (Bonnie), Kindergartentasche/Lenkertasche 20×16×6 cm (Betty); Canvas/Jeans/Cord; Video: www.patty.do/tasche-bonnie-betty"
"Utensilo","pattydoo","","Unisex","Sonstiges","Sonstiges","Webware","","PDF","Vorhanden","https://www.pattydoo.de/schnittmuster-utensilo","https://enibas-gh.github.io/Schnittmuster/bilder/schnittmuster-5409.jpg","",""
"Teddy Wärmflasche","pattydoo","","Unisex","Sonstiges","Sonstiges","Sonstiges","Einheitsgröße","PDF","Vorhanden","https://www.pattydoo.de/schnittmuster","https://enibas-gh.github.io/Schnittmuster/bilder/schnittmuster-22948.jpg","","Freebie; Wärmflaschenbezug in Teddybär-Optik; Plüsch/Bouclé empfohlen; Anleitung: www.patty.do/waermflasche"
"Pompadour Zugbeutel","pattydoo","","Unisex","Taschen","Sonstiges","Webware","Klein ca. 7 cm hoch / Groß ca. 10 cm hoch","PDF","Vorhanden","https://www.pattydoo.de/schnittmuster","","","Freebie; 2 Größen; Stoffbeutel mit Zugbändern; Innenfächer; als Schmuck-/Kosmetikbeutel oder Abendtasche; Video: www.patty.do/zugbeutel"
"Sommerjacke Kylie","pattydoo","","Damen","Oberteil","Jacke","Webware","Einheitsgröße (ca. S–L / BU 85–92 cm)","PDF","Vorhanden","https://www.pattydoo.de/schnittmuster-sommerjacke-kylie","","","Freebie; Kimonojacke; leichte BW/Viskose/PES-Webware; 110 cm Stoff (Breite 140 cm) + ca. 1,8 m Schrägband (3–3,5 cm); NZ 0,7 cm (vorn/Hals) + 1,5 cm sonst; passend zu Top Livia; Video: www.patty.do/jacke-kylie"
"Bistroschürze Rose","pattydoo","","Unisex","Sonstiges","Sonstiges","Webware","Einheitsgröße","Magazin","Vorhanden","https://www.pattydoo.de/schnittmuster/schuerze-rose","","","Magazin-Schnittmuster; Bistroschürze mit Faltenband, Bindebändern, Taschen; gewebter BW-Stoff + ca. 150 cm Schrägband; Video: www.pattydoo.de/schnittmuster/schuerze-rose"
